Components,Parent-component,Intermediate-component,quantity,wastage,unit,,unit cost,total cost,
[Bottle Box 50cl Bottle x6 - Outer Box] The outer box needed for 50cl Bottles. 6 bottles per box.,,,0,PCS,,0.3121,0.31,,
[Bottle Box 50cl Bottle x6 - Unassembled dividers] The dividers for the 50cl box. 6 bottles per box.,,,0,PCS,,0.1779,0.18,,
[Sentia3001] 50cl bottle of Sentia Gold,,,0,PCS,,4.506,27.04,,
[Sentia-Gold Brew 1] Brew 1 that goes into making Sentia Gold,,,0.0504,L,,3.1316,3.66,,
[Water - for mash - 85c] The water that is added into the mashtun with the plants for overnight steeping,[Sentia-Gold Brew 1] Brew 1 that goes into making Sentia Gold,,0,L,,0,0,,
"[Ashwagandha] Dried root of Ashwagandha cut to 3-8mm - Withania somnifera , Dunal",[Sentia-Gold Brew 1] Brew 1 that goes into making Sentia Gold,,0,G,,0.0213,0.673,,
[Chamomile] Chamomile Flowers (European) - Matricaria Recutita,[Sentia-Gold Brew 1] Brew 1 that goes into making Sentia Gold,,0,G,,0.0296,0.4642,,
"[Damiana] Whole dried plant grown in Mexico -Turnera diffusa Willd, Schult. - Whole",[Sentia-Gold Brew 1] Brew 1 that goes into making Sentia Gold,,0,G,,0.0197,0.2437,,
[Ginkgo] Dried Ginkgo Leaf - Ginkgo biloba L.,[Sentia-Gold Brew 1] Brew 1 that goes into making Sentia Gold,,0,G,,0.0147,0.058,,
[Gotu Kola] Dried Organic Leaf ( Aerial parts) - Centella asiatica,[Sentia-Gold Brew 1] Brew 1 that goes into making Sentia Gold,,0,G,,0.0265,0.2553,,
[Lemon Balm] Lemon Balm Leaf - Melissa Officianalis,[Sentia-Gold Brew 1] Brew 1 that goes into making Sentia Gold,,0,G,,0.0169,0.1044,,
[Schisandra] Dried Schisandra Fruit - Schisandra chinensis,[Sentia-Gold Brew 1] Brew 1 that goes into making Sentia Gold,,0,G,,0.024,0.5686,,
[Water - for sparging - 75c] The water that is added to the mash during sparging,[Sentia-Gold Brew 1] Brew 1 that goes into making Sentia Gold,,0,L,,0,0,,
[Water - for mixing - 5-15c] The water that is used to mix in juices & extracts,[Sentia-Gold Brew 1] Brew 1 that goes into making Sentia Gold,,0,L,,0,0,,
"[Hops (Amarillo)] Dried Hop Strobiles, variety Amarillo - Humulus Lupulus",[Sentia-Gold Brew 1] Brew 1 that goes into making Sentia Gold,,0,G,,0.0284,0.4526,,
[Potassium Sorbate] Preservative controlling mold.,[Sentia-Gold Brew 1] Brew 1 that goes into making Sentia Gold,,0,G,,0.0235,0.0116,,
"[Arlington metal liner] 1,000L metal liner which we need to go into the Arlington for each brew.",[Sentia-Gold Brew 1] Brew 1 that goes into making Sentia Gold,,0,,,36.3869,42.227,,
[Water - for mixing - 40c] The water that is used to mix in the spray dried extracts,,,0.0204,L,,0,0,,
"[Ginseng Extract] Korean Ginseng Extract 10:1 20% Ginsenosides - Panax ginseng ,C. A. Meyer",,,0.0684,G,,0.0383,0.06,,
[Chinese Herb Tea - D1B1] A blend of spray dried extracts that can be dissolved in water.,,,0.1914,G,,0.0414,0.18,,
[Eleuthero Extract] Eleuthero (Ci Wu Jia) Extract,,,0.0684,G,,0.1507,0.36,,
"[Liquorice Spray Dried] Spray dried root extract, liquorice powder. Dissolves in warm water. Glycyrrhiza glabra.",,,0.0216,G,,0.06,0.06,,
[Water - for mixing - 5-15c] The water that is used to mix in juices & extracts,,,0.0546,L,,0,0,,
[Vitamin B1 - Thiamine] Water soluble powder - Thiamine hydrochloride.,,,0.0018,G,,0.1128,0,,
[Vitamin B6 Powder] Vitamin B6. Purity 100%. Extract Ratio 1:1. Pyridoxine HCL,,,0.0018,G,,0.0602,0,,
[Potassium Sorbate] Preservative controlling mold.,,,0.0522,G,,0.0235,0,,
[Quince Concentrate] Quince Juice Concentrate - Cydonia oblonga/Cydonia vulgaris. Ekmek Ayvasi/Esme,,,8.748,G,,0.006,1.2,,
[White Grape Concentrate] Organic White Grape Juice Concentrate clear - Vitis vinifera,,,0.5358,G,,0.0061,0.66,,
[Gum Arabic Powder] Gum Arabic Powder ( Acacia),,,0.5358,G,,0.0085,0.12,,
[Gold Extract Blend] The blend of extracts in Sentia Gold,,,0.1338,G,,0.4145,1.26,,
"[Bergamot Extract] Bergamot Essential Oil - Citrus bergamia, Citrus aurantium subsp.",[Gold Extract Blend] The blend of extracts in Sentia Gold,,0,G,,0.1762,0.0307,,
[Grapefruit Extract] Grapefruit Essential oil extract - Citrus × paradisi OR Citrus paradisi Macfad.,[Gold Extract Blend] The blend of extracts in Sentia Gold,,0,G,,0.1628,0.0922,,
[Lavender Extract] Lavender Organic essential Oil - Lavandula angustifolia,[Gold Extract Blend] The blend of extracts in Sentia Gold,,0,G,,0.0798,0,,
[Lemongrass Extract] Lemongrass essential oil extract - Cymbopogon citratus,[Gold Extract Blend] The blend of extracts in Sentia Gold,,0,G,,0.0801,0.0615,,
[Ginger Extract] Nigerian Ginger root oil extract - Zingiber officinale Roscoe,[Gold Extract Blend] The blend of extracts in Sentia Gold,,0,G,,0.6897,0.3995,,
"[Orange extract] Sensient Orange TLESS BRZ EXT SNO - 1007050, peel oil extract , Citrus sinensis",[Gold Extract Blend] The blend of extracts in Sentia Gold,,0,G,,2.614,0.4917,,
[Szechuan Extract] Szechuan pepper oleoresin,[Gold Extract Blend] The blend of extracts in Sentia Gold,,0,G,,0.2778,0.2151,,
[Tween 80] An emulsifier used to emulsify certain extracts,,,0.1338,G,,0.0414,0.12,,
[Maracuja Yellow L-WS] Yellow Paprika oil extract,,,0.8202,G,,0.0486,0.9,,
[Citric Acid] Acid for pH control,,,0.0408,G,,0.0026,0,,
[Ascorbic Acid] Ascorbic Acid (Vitamin C) crystalline powder for colour stability,,,0.0408,G,,0.0228,0,,
[Glass bottle - 500ml GPI] 50cl glass bottle with 28mm GPI opening for bottling of spirits.,,,0.0288,PCS,,0.9813,5.94,,
[Cap - 28mm GPI Copper] 28mm Copper GPI glossy cap.,,,0.0288,PCS,,0.1368,0.84,,
[Label - Sentia Gold 50cl - Front] UKGold50clFront-70mmx233mm,,,0.0288,PCS,,0.0805,0.48,,
[Plastic Tamper Seal] PLAIN PET PREFORM 54MM FW X 0.50 X 35MM CL+V.P,,,0.0288,PCS,,0.0326,0.18,,
[Label - US Sentia Gold 50cl - Seal] USGoldSeal22mmx78mm,,,0.0288,PCS,,0.0249,0.18,,
