Product List as of 15/07/2025,,,,,,
Product Code,Product Description,Product Group,Minimum Order Quantity,Lead Time (Days),Base Unit,
Bottle Box 50cl Bottle x6 - Unassembled dividers,The dividers for the 50cl box. 6 bottles per box.,Packaging,"4,000",10,PCS,
Bottle Box 50cl Bottle x6 - Outer Box,The outer box needed for 50cl Bottles. 6 bottles per box.,Packaging,"4,000",10,PCS,
Cap - 28mm GPI Copper,28mm Copper GPI glossy cap.,Packaging,"3,500",49,PCS,
Lemongrass Extract,Lemongrass essential  oil extract  - Cymbopogon citratus,Extract,"1,000",14,G,
Lavender Extract,Lavender Organic  essential Oil - Lavandula angustifolia,Extract,"1,000",14,G,
Grapefruit Extract,Grapefruit Essential oil extract - Citrus × paradisi OR Citrus paradisi Macfad.,Extract,"1,000",14,G,
Label - EU Sentia Gold 50cl - Front,EUGold50clFront-70mmx233mm,Packaging,"1,000",14,PCS,
Label - US Sentia Gold 50cl - Front,USGoldFront59mmx262mm,Packaging,"1,000",14,PCS,
Label - Sentia Gold 50cl - Seal,UKGold50clSeal-22mmx78mm,Packaging,"1,000",14,PCS,
Label - EU Sentia Red 50cl - Front,EURed50clFront-59mmx262mm,Packaging,"1,000",14,PCS,
Label - EU Sentia Black 50cl - Front,EUBlack50clFront-59mmx262mm,Packaging,"1,000",14,PCS,
Label - US Sentia Black 50cl - Front,USBlackFront59mmx262mm,Packaging,"1,000",14,PCS,
Label - US Sentia Red 50cl - Front,USRedFront59mmx262mm,Packaging,"1,000",14,PCS,
Label - Sentia Black 50cl - Seal,UKBlack50clSeal-22mmx78mm,Packaging,"1,000",14,PCS,
Label - Sentia Red 50cl - Front,UKRed50clFront-70mmx233mm,Packaging,"1,000",14,PCS,
Label - Sentia Red 20cl - Front,UKRed20clFront-37.23mmx191mm,Packaging,"1,000",14,PCS,
Glass bottle - 500ml GPI,50cl glass bottle with 28mm GPI opening for bottling of spirits.,Packaging,880,30,PCS,
Bergamot Extract,"Bergamot Essential Oil - Citrus bergamia, Citrus aurantium subsp.",Extract,500,14,G,
Label - Sentia Gold 50cl - Front,UKGold50clFront-70mmx233mm,Packaging,1000,14,PCS,
Vitamin B6 Powder,Vitamin B6. Purity 100%. Extract Ratio 1:1. Pyridoxine HCL,Vitamin,500,5,G,
Label - Sentia Black 50cl - Front,UKBlack50clFront-59mmx262mm,Packaging,500,14,PCS,
Vitamin B1 - Thiamine,Water soluble powder - Thiamine hydrochloride.,Vitamin,500,5,G,
Maple Syrup,100% Pure Dark Robust - Acer Saccharum,Sweetener,336000,14,G,
Molasses,Cane Molasses - Saccharum officinarum,Sweetener,175000,7,G,
MagnoliaBarkCurls,Dried cut magnolia  (Magnolia officinalis) bark curls between 1-5 cm.,Dried plant,500000,120,G,
Maracuja Yellow L-WS,Yellow Paprika oil extract,Colourant,50000,30,G,
DDW Caramel 520,DDW CARAMEL 520 [25KG].,Colourant,50000,28,G,
Cranberry Red L-WS,Natural red,Colourant,50000,7,G,
,colourant derived from black carrot,,,,,
Agave Syrup,Agave L - Agave Tequilana / Pina/Leaf / Syrup,Sweetener,25000,3,G,
Gum Arabic Powder,Gum Arabic Powder ( Acacia),Processing agent,25000,7,G,
White Grape Concentrate,Organic White Grape Juice Concentrate clear                      - Vitis vinifera,Juice,25000,14,G,
Quince Concentrate,Quince Juice Concentrate - Cydonia oblonga/Cydonia vulgaris. Ekmek Ayvasi/Esme,Juice,25000,14,G,
Cocao Extract,Natural oil  extract from Indonesian cocoa beans - Theobroma cacao,Extract,25000,42,G,
Vanilla Extract,Natural Madagascan Vanilla Flavour oil extract  - Vanilla planifolia,Extract,25000,90,G,
Citric Acid,Acid for pH control,Acid,25000,14,G,
Aronia Concentrate,Black Chokeberry - Aronia melanocarpa - Liquid concentrate,Juice,25000,14,G,
Black Cardamom,Dried Cardamom Pod - Amomum subulatum - Whole,Dried plant,245000,30,G,
Schisandra,Dried Schisandra Fruit - Schisandra chinensis,Dried plant,20000,14,G,
Damiana,"Whole dried plant grown in Mexico -Turnera diffusa Willd,  Schult. - Whole",Dried plant,20000,3,G,
Szechuan Extract,Szechuan pepper oleoresin,Extract,15000,40,G,
Chinese Herb Tea - D1B1,A blend of spray dried extracts that can be dissolved in water.,Extract,100000,84,G,
Bay,Dried Bay Leaf - Laurus nobilis - Cut,Dried plant,10000,3,G,
Hops (Amarillo),"Dried Hop Strobiles, variety Amarillo - Humulus Lupulus",Dried plant,5000,5,G,
Ascorbic Acid,Ascorbic Acid (Vitamin C) crystalline powder for colour stability,Acid,5000,7,G,
Ginseng Extract,"Korean Ginseng Extract 10:1 20% Ginsenosides -  Panax ginseng ,C. A. Meyer",Extract,5000,21,G,
Spice Blend 5,Spice Blend 5- A blend of oleoresins used in Sentia Red.,Extract,5000,90,G,
Liquorice Spray Dried,"Spray dried root extract, liquorice powder. Dissolves in warm water. Glycyrrhiza glabra.",Extract,50000,90,G,
Gentian Extract,Extract of Gentian root  - Gentiana lutea L.,Extract,5000,5,G,
Tween 80,An emulsifier used to emulsify certain extracts,Processing agent,2500,3,G,
Eleuthero Extract,Eleuthero (Ci Wu Jia) Extract,Extract,1000,120,G,
Lemon Balm,Lemon Balm Leaf - Melissa Officianalis,Dried plant,10000,3,G,
Chamomile,Chamomile Flowers (European) - Matricaria Recutita,Dried plant,10000,3,G,
Linden Infusion,"An infusion of Linden (lime flower) blossom and leaves Tilia spp, cold extracted and pressed.",Juice,1000,21,KG,
Plastic Tamper Seal,PLAIN PET PREFORM 54MM FW X 0.50 X,Packaging,12000,21,PCS,
,35MM CL+V.P,,,,,
Pink Pepper Extract,Sensient Pink pepper EXT SNO - 1008715. Schinus molle.,Extract,10000,60,G,
Orange extract,"Sensient Orange TLESS BRZ EXT SNO - 1007050, peel oil extract , Citrus sinensis",Extract,10000,25,G,
Nutmeg extract,Nutmeg seed extract -  Myristica fragrans Houtt,Extract,10000,60,G,
Ginger Extract,Nigerian Ginger root oil extract - Zingiber officinale Roscoe,Extract,10000,3,G,
Thyme,Dried Thyme Leaf - Thymus vulgaris,Dried plant,10000,3,G,
Star Anise,Dried Organic Fruit Pod - illicium verum.,Dried plant,10000,3,G,
Sage,Dried Organic Sage Leaf - Salvia officinalis,Dried plant,10000,3,G,
Rosemary,Dried Rosemary Leaf - Rosmarinus officinalis,Dried plant,10000,3,G,
Orange peel,Dried Organic Orange Peel - Citrus sinensis,Dried plant,10000,3,G,
Gotu Kola,Dried Organic Leaf ( Aerial parts)  - Centella asiatica,Dried plant,10000,3,G,
Ginkgo,Dried Ginkgo Leaf -  Ginkgo biloba L.,Dried plant,10000,3,G,
Cinnamon,"Dried Organic Cinnamon Bark - Cinnamomum verum , J.Presl",Dried plant,10000,3,G,
Rose Petal,Dried buds/flowers - Rosa damascena.,Dried plant,10000,3,G,
Potassium Sorbate,Preservative controlling mold.,Preservative,25000,5,G,
Passion Flower,Dried plant. Comes cut. Passiflora incarnata,Dried plant,10000,3,G,
Gold Extract Blend,The blend of extracts in Sentia Gold,Extract,1000,7,G,
Sentia-Gold Brew 1,Brew 1 that goes into making Sentia Gold,Brew,1600,1,L,
SentiaUS-3001-6,A box of 6x50cl Sentia Gold for US,Spirit,,,PCS,
SentiaUS-3001,50cl bottle of Sentia Gold for US,Spirit,,,PCS,
SentiaEU-3001-6,A box of 6 x 50cl Sentia Gold for EU (English Label),Spirit,,,PCS,
SentiaEU-3001,50cl bottle of Sentia Gold for EU (English Label),Spirit,,,PCS,
Label - US Sentia Gold 50cl - Seal,USGoldSeal22mmx78mm,Packaging,5000,14,PCS,
Sentia-Black Brew 3,Brew 3 that goes into making Sentia Black,Brew,1600,14,L,
Sentia-Red Brew 3,Brew 3 that goes into making Sentia Red (without linden),Brew,1600,14,L,
SentiaEU-2001-6,A box of 6 x 50cl Sentia Black for EU (English Label),Spirit,,,PCS,
SentiaEU-1001-6,A box of 6x50cl Sentia Red for EU (English Label),Spirit,,,PCS,
SentiaEU-2001,50cl bottle of Sentia Black for EU (English Label),Spirit,,,PCS,
SentiaEU-1001,50cl bottle of Sentia Red for EU (English Label),Spirit,,,PCS,
Label - US Sentia Black 50cl - Seal,USBlackSeal22mmx78mm,Packaging,1000,14,PCS,
SentiaUS-2001-6,A box of 6x50cl Sentia Black,Spirit,,,PCS,
SentiaUS-2001,50cl bottle of Sentia Black,Spirit,,,PCS,
SentiaUS-1001,50cl bottle of Sentia Red for US,Spirit,,,PCS,
SentiaUS-1001-6,A box of 6x50cl Sentia Red,Spirit,,,PCS,
Label - US Sentia Red 50cl - Seal,USRedSeal22mmx78mm,Packaging,1000,14,PCS,
Arlington metal liner,"1,000L metal liner which we need to go into the Arlington for each brew.",Packaging,10,3,,
Omega Black Blend,A blend of extracts supplied by Omega for Black,Extract,1000,3,G,
Sentia3001-6,A box of 6x50cl Sentia Gold,Spirit,,,PCS,
Sentia3001,50cl bottle of Sentia Gold,Spirit,,,PCS,
Sentia2001-6,A box of 6x50cl Sentia Black,Spirit,,,PCS,
Sentia2001,50cl bottle of Sentia Black,Spirit,,,PCS,
Worm-wood fluid extract,Sensient Worm-wood fluid extract A - 1203897. Artemisia absinthium.,Extract,4000,21,G,
Sensient Black Blend,A blend of extracts used in Sentia Black.,Extract,1000,1,G,
Vaishali Black Blend,A blend of oleoresins used in Sentia Black.,Extract,,90,G,
Angelica Root,Dried Organic Root / Angelica archangelica L. / Cut,Dried plant,10000,10,G,
Water - for sparging - 75c,The water that is added to the mash during sparging,Water,,5,L,
Water - for mixing - 5-15c,The water that is used to mix in juices & extracts,Water,,5,L,
Water - for mixing - 40c,The water that is used to mix in the spray dried extracts,Water,,5,L,
Water - for mash - 85c,The water that is added into the mashtun with the plants for overnight steeping,Water,,5,L,
Tulsi Vana,Dried leaves of Tulsi Vana - Ocimum gratissimum.,Dried plant,100000,90,G,
Sentia1001-6,A box of 6x50cl Sentia Red,Spirit,,,PCS,
Sentia1001,50cl bottle of Sentia Red,Spirit,,,PCS,
Malic Acid,Acid for pH control,Acid,25000,3,G,
MagnoliaBarkCut,Magnolia officinalis Bark that has been milled to between 3-8mm.,Dried plant,500000,3,G,
Linden,Cut linden/Lime Flower Blossom and leaves - Tilia spp.,Dried plant,160000,3,G,
Blackberry Concentrate,Aseptic Blackberry juice concentrate - Rubus fruticosus - Liquid concentrate,Juice,25000,25,G,
Ashwagandha,"Dried root of Ashwagandha cut to 3-8mm - Withania somnifera , Dunal",Dried plant,500000,120,G,
